symbol,announce_time,session,analyst_surprise,source
AAPL,2019-01-02 16:30:03,amc,,sec_8k_2.02
JPM,2019-01-15 06:46:00,bmo,,sec_8k_2.02
BAC,2019-01-16 06:46:08,bmo,,sec_8k_2.02
GS,2019-01-16 07:41:12,bmo,,sec_8k_2.02
JNJ,2019-01-22 08:00:43,bmo,,sec_8k_2.02
PG,2019-01-23 07:07:00,bmo,,sec_8k_2.02
INTC,2019-01-24 11:06:44,intraday,,sec_8k_2.02
NVDA,2019-01-28 09:04:54,bmo,,sec_8k_2.02
PFE,2019-01-29 08:49:45,bmo,,sec_8k_2.02
AAPL,2019-01-29 16:30:18,amc,,sec_8k_2.02
MSFT,2019-01-30 16:03:36,amc,,sec_8k_2.02
META,2019-01-30 16:16:27,amc,,sec_8k_2.02
AMZN,2019-01-31 16:30:02,amc,,sec_8k_2.02
CVX,2019-02-01 09:00:23,bmo,,sec_8k_2.02
GOOGL,2019-02-04 16:01:19,amc,,sec_8k_2.02
CSCO,2019-02-13 16:10:03,amc,,sec_8k_2.02
KO,2019-02-14 07:03:02,bmo,,sec_8k_2.02
NVDA,2019-02-14 16:23:06,amc,,sec_8k_2.02
WMT,2019-02-19 07:00:10,bmo,,sec_8k_2.02
HD,2019-02-26 06:14:10,bmo,,sec_8k_2.02
ORCL,2019-03-14 16:08:23,amc,,sec_8k_2.02
JPM,2019-04-12 06:46:08,bmo,,sec_8k_2.02
GS,2019-04-15 07:29:43,bmo,,sec_8k_2.02
BAC,2019-04-16 06:45:07,bmo,,sec_8k_2.02
JNJ,2019-04-16 07:52:00,bmo,,sec_8k_2.02
KO,2019-04-23 07:03:00,bmo,,sec_8k_2.02
PG,2019-04-23 07:05:37,bmo,,sec_8k_2.02
MSFT,2019-04-24 16:04:03,amc,,sec_8k_2.02
META,2019-04-24 16:09:20,amc,,sec_8k_2.02
INTC,2019-04-25 12:05:00,intraday,,sec_8k_2.02
AMZN,2019-04-25 16:10:54,amc,,sec_8k_2.02
CVX,2019-04-26 09:01:24,bmo,,sec_8k_2.02
GOOGL,2019-04-29 16:01:22,amc,,sec_8k_2.02
PFE,2019-04-30 08:58:02,bmo,,sec_8k_2.02
AAPL,2019-04-30 16:30:16,amc,,sec_8k_2.02
CSCO,2019-05-15 16:09:33,amc,,sec_8k_2.02
WMT,2019-05-16 07:00:41,bmo,,sec_8k_2.02
NVDA,2019-05-16 16:22:47,amc,,sec_8k_2.02
HD,2019-05-21 06:08:19,bmo,,sec_8k_2.02
ORCL,2019-06-19 16:23:47,amc,,sec_8k_2.02
JPM,2019-07-16 06:45:52,bmo,,sec_8k_2.02
GS,2019-07-16 07:30:00,bmo,,sec_8k_2.02
JNJ,2019-07-16 08:00:32,bmo,,sec_8k_2.02
BAC,2019-07-17 06:46:09,bmo,,sec_8k_2.02
MSFT,2019-07-18 16:03:33,amc,,sec_8k_2.02
KO,2019-07-23 06:58:22,bmo,,sec_8k_2.02
META,2019-07-24 16:27:15,amc,,sec_8k_2.02
INTC,2019-07-25 12:10:16,intraday,,sec_8k_2.02
GOOGL,2019-07-25 16:01:22,amc,,sec_8k_2.02
AMZN,2019-07-25 16:33:27,amc,,sec_8k_2.02
PFE,2019-07-29 08:41:39,bmo,,sec_8k_2.02
PG,2019-07-30 07:06:04,bmo,,sec_8k_2.02
AAPL,2019-07-30 16:30:36,amc,,sec_8k_2.02
CVX,2019-08-02 09:00:57,bmo,,sec_8k_2.02
CSCO,2019-08-14 16:08:03,amc,,sec_8k_2.02
WMT,2019-08-15 06:59:42,bmo,,sec_8k_2.02
NVDA,2019-08-15 16:27:50,amc,,sec_8k_2.02
HD,2019-08-20 06:10:55,bmo,,sec_8k_2.02
ORCL,2019-09-11 16:51:51,amc,,sec_8k_2.02
JPM,2019-10-15 06:44:31,bmo,,sec_8k_2.02
JNJ,2019-10-15 08:01:15,bmo,,sec_8k_2.02
GS,2019-10-15 08:05:32,bmo,,sec_8k_2.02
BAC,2019-10-16 06:56:38,bmo,,sec_8k_2.02
KO,2019-10-18 06:59:20,bmo,,sec_8k_2.02
PG,2019-10-22 07:03:25,bmo,,sec_8k_2.02
MSFT,2019-10-23 16:06:06,amc,,sec_8k_2.02
JNJ,2019-10-23 17:25:51,amc,,sec_8k_2.02
INTC,2019-10-24 12:08:49,intraday,,sec_8k_2.02
AMZN,2019-10-24 19:53:55,amc,,sec_8k_2.02
GOOGL,2019-10-28 16:03:38,amc,,sec_8k_2.02
PFE,2019-10-29 08:54:32,bmo,,sec_8k_2.02
META,2019-10-30 16:13:02,amc,,sec_8k_2.02
AAPL,2019-10-30 16:30:40,amc,,sec_8k_2.02
CVX,2019-11-01 09:00:58,bmo,,sec_8k_2.02
CSCO,2019-11-13 16:10:56,amc,,sec_8k_2.02
WMT,2019-11-14 07:00:45,bmo,,sec_8k_2.02
NVDA,2019-11-14 16:21:53,amc,,sec_8k_2.02
HD,2019-11-19 06:19:57,bmo,,sec_8k_2.02
ORCL,2019-12-12 16:10:28,amc,,sec_8k_2.02
JPM,2020-01-14 06:46:00,bmo,,sec_8k_2.02
BAC,2020-01-15 06:46:08,bmo,,sec_8k_2.02
GS,2020-01-15 07:38:26,bmo,,sec_8k_2.02
JNJ,2020-01-22 07:30:25,bmo,,sec_8k_2.02
PG,2020-01-23 07:06:36,bmo,,sec_8k_2.02
INTC,2020-01-23 11:07:34,intraday,,sec_8k_2.02
PFE,2020-01-28 08:37:48,bmo,,sec_8k_2.02
AAPL,2020-01-28 16:30:40,amc,,sec_8k_2.02
MSFT,2020-01-29 16:03:50,amc,,sec_8k_2.02
META,2020-01-29 16:10:08,amc,,sec_8k_2.02
KO,2020-01-30 06:59:32,bmo,,sec_8k_2.02
AMZN,2020-01-30 16:46:49,amc,,sec_8k_2.02
CVX,2020-01-31 09:00:03,bmo,,sec_8k_2.02
GOOGL,2020-02-03 16:02:04,amc,,sec_8k_2.02
CSCO,2020-02-12 16:08:11,amc,,sec_8k_2.02
NVDA,2020-02-13 16:21:20,amc,,sec_8k_2.02
WMT,2020-02-18 06:04:00,bmo,,sec_8k_2.02
HD,2020-02-25 06:05:40,bmo,,sec_8k_2.02
ORCL,2020-03-12 16:10:41,amc,,sec_8k_2.02
JPM,2020-04-14 06:43:57,bmo,,sec_8k_2.02
JNJ,2020-04-14 08:00:51,bmo,,sec_8k_2.02
BAC,2020-04-15 06:46:04,bmo,,sec_8k_2.02
GS,2020-04-15 07:32:20,bmo,,sec_8k_2.02
PG,2020-04-17 07:05:17,bmo,,sec_8k_2.02
KO,2020-04-21 06:25:20,bmo,,sec_8k_2.02
INTC,2020-04-23 12:07:24,intraday,,sec_8k_2.02
PFE,2020-04-28 08:26:48,bmo,,sec_8k_2.02
GOOGL,2020-04-28 16:01:47,amc,,sec_8k_2.02
MSFT,2020-04-29 16:03:54,amc,,sec_8k_2.02
META,2020-04-29 16:10:26,amc,,sec_8k_2.02
AAPL,2020-04-30 16:30:41,amc,,sec_8k_2.02
AMZN,2020-04-30 16:42:20,amc,,sec_8k_2.02
CVX,2020-05-01 09:00:23,bmo,,sec_8k_2.02
CSCO,2020-05-13 16:09:40,amc,,sec_8k_2.02
HD,2020-05-19 06:15:47,bmo,,sec_8k_2.02
WMT,2020-05-19 06:58:07,bmo,,sec_8k_2.02
NVDA,2020-05-21 16:22:07,amc,,sec_8k_2.02
ORCL,2020-06-16 16:17:05,amc,,sec_8k_2.02
JPM,2020-07-14 06:45:40,bmo,,sec_8k_2.02
GS,2020-07-15 07:33:13,bmo,,sec_8k_2.02
BAC,2020-07-16 06:45:55,bmo,,sec_8k_2.02
JNJ,2020-07-16 07:31:10,bmo,,sec_8k_2.02
KO,2020-07-21 06:59:21,bmo,,sec_8k_2.02
MSFT,2020-07-22 16:03:04,amc,,sec_8k_2.02
INTC,2020-07-23 12:07:41,intraday,,sec_8k_2.02
GS,2020-07-24 07:04:33,bmo,,sec_8k_2.02
PFE,2020-07-28 08:28:12,bmo,,sec_8k_2.02
PG,2020-07-30 07:06:07,bmo,,sec_8k_2.02
GOOGL,2020-07-30 18:40:20,amc,,sec_8k_2.02
AAPL,2020-07-30 18:55:04,amc,,sec_8k_2.02
AMZN,2020-07-30 19:05:15,amc,,sec_8k_2.02
META,2020-07-30 19:18:23,amc,,sec_8k_2.02
CVX,2020-07-31 08:37:55,bmo,,sec_8k_2.02
CSCO,2020-08-12 16:10:03,amc,,sec_8k_2.02
HD,2020-08-18 06:23:49,bmo,,sec_8k_2.02
WMT,2020-08-18 06:58:12,bmo,,sec_8k_2.02
NVDA,2020-08-19 16:21:46,amc,,sec_8k_2.02
ORCL,2020-09-10 16:16:34,amc,,sec_8k_2.02
JPM,2020-10-13 06:45:49,bmo,,sec_8k_2.02
JNJ,2020-10-13 07:12:34,bmo,,sec_8k_2.02
BAC,2020-10-14 06:46:17,bmo,,sec_8k_2.02
GS,2020-10-14 07:32:09,bmo,,sec_8k_2.02
PG,2020-10-20 07:07:30,bmo,,sec_8k_2.02
KO,2020-10-22 06:59:55,bmo,,sec_8k_2.02
INTC,2020-10-22 12:07:11,intraday,,sec_8k_2.02
GS,2020-10-22 12:50:56,intraday,,sec_8k_2.02
PFE,2020-10-27 08:11:48,bmo,,sec_8k_2.02
MSFT,2020-10-27 16:12:57,amc,,sec_8k_2.02
GOOGL,2020-10-29 16:01:25,amc,,sec_8k_2.02
META,2020-10-29 16:07:58,amc,,sec_8k_2.02
AAPL,2020-10-29 16:30:32,amc,,sec_8k_2.02
AMZN,2020-10-29 16:42:03,amc,,sec_8k_2.02
CVX,2020-10-30 06:47:22,bmo,,sec_8k_2.02
CSCO,2020-11-12 16:09:04,amc,,sec_8k_2.02
HD,2020-11-17 06:07:01,bmo,,sec_8k_2.02
WMT,2020-11-17 06:59:36,bmo,,sec_8k_2.02
NVDA,2020-11-18 16:21:51,amc,,sec_8k_2.02
ORCL,2020-12-10 16:11:22,amc,,sec_8k_2.02
INTC,2021-01-14 12:10:00,intraday,,sec_8k_2.02
JPM,2021-01-15 06:45:52,bmo,,sec_8k_2.02
BAC,2021-01-19 06:45:43,bmo,,sec_8k_2.02
GS,2021-01-19 07:30:09,bmo,,sec_8k_2.02
PG,2021-01-20 07:09:15,bmo,,sec_8k_2.02
INTC,2021-01-21 11:04:38,intraday,,sec_8k_2.02
JNJ,2021-01-26 08:06:06,bmo,,sec_8k_2.02
MSFT,2021-01-26 16:04:05,amc,,sec_8k_2.02
META,2021-01-27 16:08:08,amc,,sec_8k_2.02
AAPL,2021-01-27 16:30:35,amc,,sec_8k_2.02
CVX,2021-01-29 07:32:28,bmo,,sec_8k_2.02
PFE,2021-02-02 08:34:49,bmo,,sec_8k_2.02
GOOGL,2021-02-02 16:01:27,amc,,sec_8k_2.02
AMZN,2021-02-02 16:30:08,amc,,sec_8k_2.02
CSCO,2021-02-09 16:11:01,amc,,sec_8k_2.02
KO,2021-02-10 06:58:03,bmo,,sec_8k_2.02
WMT,2021-02-18 06:59:20,bmo,,sec_8k_2.02
HD,2021-02-23 06:14:41,bmo,,sec_8k_2.02
NVDA,2021-02-24 16:22:27,amc,,sec_8k_2.02
ORCL,2021-03-10 16:11:36,amc,,sec_8k_2.02
JPM,2021-04-14 06:45:37,bmo,,sec_8k_2.02
GS,2021-04-14 07:33:40,bmo,,sec_8k_2.02
BAC,2021-04-15 06:17:59,bmo,,sec_8k_2.02
KO,2021-04-19 07:00:01,bmo,,sec_8k_2.02
PG,2021-04-20 07:05:58,bmo,,sec_8k_2.02
JNJ,2021-04-20 08:02:01,bmo,,sec_8k_2.02
INTC,2021-04-22 12:05:36,intraday,,sec_8k_2.02
GOOGL,2021-04-27 16:01:33,amc,,sec_8k_2.02
MSFT,2021-04-27 16:04:57,amc,,sec_8k_2.02
META,2021-04-28 16:09:19,amc,,sec_8k_2.02
AAPL,2021-04-28 16:30:33,amc,,sec_8k_2.02
AMZN,2021-04-29 16:31:31,amc,,sec_8k_2.02
CVX,2021-04-30 06:33:57,bmo,,sec_8k_2.02
PFE,2021-05-04 08:15:30,bmo,,sec_8k_2.02
HD,2021-05-18 06:12:36,bmo,,sec_8k_2.02
WMT,2021-05-18 06:57:51,bmo,,sec_8k_2.02
CSCO,2021-05-19 16:14:04,amc,,sec_8k_2.02
NVDA,2021-05-26 16:20:35,amc,,sec_8k_2.02
ORCL,2021-06-15 16:16:07,amc,,sec_8k_2.02
JPM,2021-07-13 06:45:46,bmo,,sec_8k_2.02
GS,2021-07-13 07:37:10,bmo,,sec_8k_2.02
BAC,2021-07-14 06:48:51,bmo,,sec_8k_2.02
KO,2021-07-21 07:00:37,bmo,,sec_8k_2.02
JNJ,2021-07-21 08:00:52,bmo,,sec_8k_2.02
INTC,2021-07-22 12:05:35,intraday,,sec_8k_2.02
AAPL,2021-07-27 16:35:44,amc,,sec_8k_2.02
GOOGL,2021-07-27 16:36:42,amc,,sec_8k_2.02
MSFT,2021-07-27 16:41:19,amc,,sec_8k_2.02
PFE,2021-07-28 08:04:28,bmo,,sec_8k_2.02
META,2021-07-28 16:08:06,amc,,sec_8k_2.02
AMZN,2021-07-29 16:34:52,amc,,sec_8k_2.02
CVX,2021-07-30 06:02:00,bmo,,sec_8k_2.02
PG,2021-07-30 07:07:42,bmo,,sec_8k_2.02
HD,2021-08-17 06:58:06,bmo,,sec_8k_2.02
WMT,2021-08-17 06:58:39,bmo,,sec_8k_2.02
CSCO,2021-08-18 16:10:56,amc,,sec_8k_2.02
NVDA,2021-08-18 16:21:07,amc,,sec_8k_2.02
ORCL,2021-09-13 16:15:47,amc,,sec_8k_2.02
JPM,2021-10-13 06:45:50,bmo,,sec_8k_2.02
BAC,2021-10-14 06:46:02,bmo,,sec_8k_2.02
GS,2021-10-15 08:34:11,bmo,,sec_8k_2.02
PG,2021-10-19 07:06:32,bmo,,sec_8k_2.02
JNJ,2021-10-19 08:01:28,bmo,,sec_8k_2.02
INTC,2021-10-21 12:09:46,intraday,,sec_8k_2.02
META,2021-10-25 16:08:12,amc,,sec_8k_2.02
GOOGL,2021-10-26 16:01:30,amc,,sec_8k_2.02
MSFT,2021-10-26 16:04:14,amc,,sec_8k_2.02
KO,2021-10-27 06:58:06,bmo,,sec_8k_2.02
AMZN,2021-10-28 16:07:09,amc,,sec_8k_2.02
AAPL,2021-10-28 16:30:23,amc,,sec_8k_2.02
CVX,2021-10-29 06:02:25,bmo,,sec_8k_2.02
PFE,2021-11-02 08:25:52,bmo,,sec_8k_2.02
HD,2021-11-16 06:09:36,bmo,,sec_8k_2.02
WMT,2021-11-16 07:01:11,bmo,,sec_8k_2.02
CSCO,2021-11-17 16:08:02,amc,,sec_8k_2.02
NVDA,2021-11-17 16:20:59,amc,,sec_8k_2.02
ORCL,2021-12-09 16:22:05,amc,,sec_8k_2.02
JPM,2022-01-14 06:45:48,bmo,,sec_8k_2.02
GS,2022-01-18 07:34:07,bmo,,sec_8k_2.02
BAC,2022-01-19 06:47:02,bmo,,sec_8k_2.02
PG,2022-01-19 07:02:06,bmo,,sec_8k_2.02
JNJ,2022-01-25 08:00:34,bmo,,sec_8k_2.02
MSFT,2022-01-25 16:03:05,amc,,sec_8k_2.02
INTC,2022-01-26 11:08:32,intraday,,sec_8k_2.02
AAPL,2022-01-27 16:30:36,amc,,sec_8k_2.02
CVX,2022-01-28 06:47:14,bmo,,sec_8k_2.02
GOOGL,2022-02-01 16:01:29,amc,,sec_8k_2.02
META,2022-02-02 16:08:34,amc,,sec_8k_2.02
AMZN,2022-02-03 16:11:33,amc,,sec_8k_2.02
PFE,2022-02-08 08:53:53,bmo,,sec_8k_2.02
KO,2022-02-10 06:57:42,bmo,,sec_8k_2.02
CSCO,2022-02-16 16:16:10,amc,,sec_8k_2.02
NVDA,2022-02-16 16:21:16,amc,,sec_8k_2.02
WMT,2022-02-17 07:01:12,bmo,,sec_8k_2.02
HD,2022-02-22 06:14:11,bmo,,sec_8k_2.02
ORCL,2022-03-10 16:10:37,amc,,sec_8k_2.02
JPM,2022-04-13 06:46:25,bmo,,sec_8k_2.02
GS,2022-04-14 07:50:17,bmo,,sec_8k_2.02
BAC,2022-04-18 06:47:53,bmo,,sec_8k_2.02
JNJ,2022-04-19 07:56:38,bmo,,sec_8k_2.02
PG,2022-04-20 07:02:28,bmo,,sec_8k_2.02
PFE,2022-04-20 16:41:43,amc,,sec_8k_2.02
KO,2022-04-25 06:57:33,bmo,,sec_8k_2.02
GOOGL,2022-04-26 16:01:32,amc,,sec_8k_2.02
MSFT,2022-04-26 16:03:59,amc,,sec_8k_2.02
META,2022-04-27 16:07:54,amc,,sec_8k_2.02
INTC,2022-04-28 12:09:32,intraday,,sec_8k_2.02
AMZN,2022-04-28 16:27:13,amc,,sec_8k_2.02
AAPL,2022-04-28 16:32:12,amc,,sec_8k_2.02
CVX,2022-04-29 06:16:49,bmo,,sec_8k_2.02
PFE,2022-05-03 08:08:57,bmo,,sec_8k_2.02
HD,2022-05-17 06:15:30,bmo,,sec_8k_2.02
WMT,2022-05-17 06:58:42,bmo,,sec_8k_2.02
CSCO,2022-05-18 16:10:07,amc,,sec_8k_2.02
NVDA,2022-05-25 16:22:25,amc,,sec_8k_2.02
ORCL,2022-06-13 16:31:53,amc,,sec_8k_2.02
ORCL,2022-07-11 16:36:09,amc,,sec_8k_2.02
JPM,2022-07-14 06:45:42,bmo,,sec_8k_2.02
BAC,2022-07-18 06:45:52,bmo,,sec_8k_2.02
GS,2022-07-18 07:31:44,bmo,,sec_8k_2.02
JNJ,2022-07-19 07:59:43,bmo,,sec_8k_2.02
KO,2022-07-26 07:01:38,bmo,,sec_8k_2.02
GOOGL,2022-07-26 16:02:00,amc,,sec_8k_2.02
MSFT,2022-07-26 16:02:59,amc,,sec_8k_2.02
META,2022-07-27 16:07:22,amc,,sec_8k_2.02
PFE,2022-07-28 08:09:00,bmo,,sec_8k_2.02
INTC,2022-07-28 12:06:34,intraday,,sec_8k_2.02
AMZN,2022-07-28 16:09:30,amc,,sec_8k_2.02
AAPL,2022-07-28 16:31:44,amc,,sec_8k_2.02
CVX,2022-07-29 06:16:50,bmo,,sec_8k_2.02
PG,2022-07-29 07:05:59,bmo,,sec_8k_2.02
NVDA,2022-08-08 09:16:50,bmo,,sec_8k_2.02
HD,2022-08-16 06:11:20,bmo,,sec_8k_2.02
WMT,2022-08-16 07:00:07,bmo,,sec_8k_2.02
CSCO,2022-08-17 16:12:07,amc,,sec_8k_2.02
NVDA,2022-08-24 16:24:34,amc,,sec_8k_2.02
ORCL,2022-09-12 16:11:13,amc,,sec_8k_2.02
JPM,2022-10-14 06:45:32,bmo,,sec_8k_2.02
BAC,2022-10-17 06:46:33,bmo,,sec_8k_2.02
GS,2022-10-18 07:29:47,bmo,,sec_8k_2.02
JNJ,2022-10-18 07:54:56,bmo,,sec_8k_2.02
PG,2022-10-19 07:01:52,bmo,,sec_8k_2.02
KO,2022-10-25 06:56:55,bmo,,sec_8k_2.02
GOOGL,2022-10-25 16:01:23,amc,,sec_8k_2.02
MSFT,2022-10-25 16:02:59,amc,,sec_8k_2.02
META,2022-10-26 16:19:09,amc,,sec_8k_2.02
INTC,2022-10-27 12:02:53,intraday,,sec_8k_2.02
AMZN,2022-10-27 16:09:35,amc,,sec_8k_2.02
AAPL,2022-10-27 16:30:22,amc,,sec_8k_2.02
CVX,2022-10-28 06:19:21,bmo,,sec_8k_2.02
PFE,2022-11-01 08:11:28,bmo,,sec_8k_2.02
HD,2022-11-15 06:10:47,bmo,,sec_8k_2.02
WMT,2022-11-15 07:00:41,bmo,,sec_8k_2.02
CSCO,2022-11-16 16:19:56,amc,,sec_8k_2.02
NVDA,2022-11-16 16:21:18,amc,,sec_8k_2.02
ORCL,2022-12-12 16:11:56,amc,,sec_8k_2.02
JPM,2023-01-13 06:45:26,bmo,,sec_8k_2.02
BAC,2023-01-13 06:46:07,bmo,,sec_8k_2.02
GS,2023-01-17 07:25:45,bmo,,sec_8k_2.02
PG,2023-01-19 07:01:48,bmo,,sec_8k_2.02
JNJ,2023-01-24 07:44:10,bmo,,sec_8k_2.02
MSFT,2023-01-24 16:28:00,amc,,sec_8k_2.02
INTC,2023-01-26 11:06:30,intraday,,sec_8k_2.02
CVX,2023-01-27 06:48:29,bmo,,sec_8k_2.02
PFE,2023-01-31 08:11:36,bmo,,sec_8k_2.02
META,2023-02-01 16:22:15,amc,,sec_8k_2.02
GOOGL,2023-02-02 16:01:29,amc,,sec_8k_2.02
AMZN,2023-02-02 16:08:48,amc,,sec_8k_2.02
AAPL,2023-02-02 16:30:33,amc,,sec_8k_2.02
KO,2023-02-14 06:58:07,bmo,,sec_8k_2.02
CSCO,2023-02-15 16:13:35,amc,,sec_8k_2.02
HD,2023-02-21 06:03:36,bmo,,sec_8k_2.02
WMT,2023-02-21 07:00:24,bmo,,sec_8k_2.02
NVDA,2023-02-22 16:52:26,amc,,sec_8k_2.02
ORCL,2023-03-09 16:09:36,amc,,sec_8k_2.02
JPM,2023-04-14 06:48:57,bmo,,sec_8k_2.02
BAC,2023-04-18 06:47:41,bmo,,sec_8k_2.02
JNJ,2023-04-18 07:29:50,bmo,,sec_8k_2.02
GS,2023-04-18 07:30:37,bmo,,sec_8k_2.02
GOOGL,2023-04-20 16:24:04,amc,,sec_8k_2.02
PG,2023-04-21 07:00:39,bmo,,sec_8k_2.02
KO,2023-04-24 06:59:24,bmo,,sec_8k_2.02
GOOGL,2023-04-25 16:01:48,amc,,sec_8k_2.02
MSFT,2023-04-25 16:03:03,amc,,sec_8k_2.02
META,2023-04-26 16:18:04,amc,,sec_8k_2.02
INTC,2023-04-27 12:09:04,intraday,,sec_8k_2.02
AMZN,2023-04-27 16:10:37,amc,,sec_8k_2.02
CVX,2023-04-28 06:17:21,bmo,,sec_8k_2.02
PFE,2023-05-02 08:05:53,bmo,,sec_8k_2.02
AAPL,2023-05-04 16:30:43,amc,,sec_8k_2.02
HD,2023-05-16 06:06:07,bmo,,sec_8k_2.02
CSCO,2023-05-17 16:20:05,amc,,sec_8k_2.02
WMT,2023-05-18 06:59:50,bmo,,sec_8k_2.02
NVDA,2023-05-24 16:22:18,amc,,sec_8k_2.02
ORCL,2023-06-12 16:16:37,amc,,sec_8k_2.02
JPM,2023-07-14 06:46:08,bmo,,sec_8k_2.02
BAC,2023-07-18 06:46:16,bmo,,sec_8k_2.02
GS,2023-07-19 07:33:59,bmo,,sec_8k_2.02
JNJ,2023-07-20 07:15:55,bmo,,sec_8k_2.02
CVX,2023-07-24 06:01:10,bmo,,sec_8k_2.02
GOOGL,2023-07-25 16:01:21,amc,,sec_8k_2.02
MSFT,2023-07-25 16:02:47,amc,,sec_8k_2.02
KO,2023-07-26 06:57:08,bmo,,sec_8k_2.02
META,2023-07-26 16:06:51,amc,,sec_8k_2.02
INTC,2023-07-27 12:07:40,intraday,,sec_8k_2.02
CVX,2023-07-28 06:16:33,bmo,,sec_8k_2.02
PG,2023-07-28 07:02:06,bmo,,sec_8k_2.02
PFE,2023-08-01 08:09:25,bmo,,sec_8k_2.02
AMZN,2023-08-03 16:09:02,amc,,sec_8k_2.02
AAPL,2023-08-03 16:30:21,amc,,sec_8k_2.02
HD,2023-08-15 06:18:54,bmo,,sec_8k_2.02
CSCO,2023-08-16 16:09:53,amc,,sec_8k_2.02
WMT,2023-08-17 06:59:53,bmo,,sec_8k_2.02
NVDA,2023-08-23 16:21:42,amc,,sec_8k_2.02
JNJ,2023-08-30 07:46:49,bmo,,sec_8k_2.02
ORCL,2023-09-11 16:11:44,amc,,sec_8k_2.02
JPM,2023-10-13 06:47:21,bmo,,sec_8k_2.02
PFE,2023-10-13 17:30:20,amc,,sec_8k_2.02
BAC,2023-10-17 06:48:23,bmo,,sec_8k_2.02
GS,2023-10-17 07:32:36,bmo,,sec_8k_2.02
JNJ,2023-10-17 07:33:25,bmo,,sec_8k_2.02
PG,2023-10-18 06:58:25,bmo,,sec_8k_2.02
KO,2023-10-24 06:57:49,bmo,,sec_8k_2.02
GOOGL,2023-10-24 16:01:23,amc,,sec_8k_2.02
MSFT,2023-10-24 16:03:29,amc,,sec_8k_2.02
META,2023-10-25 16:20:51,amc,,sec_8k_2.02
INTC,2023-10-26 12:09:55,intraday,,sec_8k_2.02
AMZN,2023-10-26 16:14:51,amc,,sec_8k_2.02
CVX,2023-10-27 06:16:38,bmo,,sec_8k_2.02
PFE,2023-10-31 08:04:50,bmo,,sec_8k_2.02
AAPL,2023-11-02 16:30:32,amc,,sec_8k_2.02
HD,2023-11-14 06:11:56,bmo,,sec_8k_2.02
CSCO,2023-11-15 16:09:32,amc,,sec_8k_2.02
WMT,2023-11-16 06:59:45,bmo,,sec_8k_2.02
NVDA,2023-11-21 16:22:00,amc,,sec_8k_2.02
ORCL,2023-12-11 16:12:30,amc,,sec_8k_2.02
PFE,2023-12-14 07:51:03,bmo,,sec_8k_2.02
CVX,2024-01-02 08:00:35,bmo,,sec_8k_2.02
BAC,2024-01-08 08:30:28,bmo,,sec_8k_2.02
BAC,2024-01-12 06:45:43,bmo,,sec_8k_2.02
JPM,2024-01-12 06:47:22,bmo,,sec_8k_2.02
GS,2024-01-16 07:34:01,bmo,,sec_8k_2.02
PG,2024-01-23 07:02:16,bmo,,sec_8k_2.02
JNJ,2024-01-23 07:45:37,bmo,,sec_8k_2.02
INTC,2024-01-25 11:07:43,intraday,,sec_8k_2.02
PFE,2024-01-30 08:04:28,bmo,,sec_8k_2.02
GOOGL,2024-01-30 16:01:26,amc,,sec_8k_2.02
MSFT,2024-01-30 16:03:17,amc,,sec_8k_2.02
AMZN,2024-02-01 16:06:02,amc,,sec_8k_2.02
META,2024-02-01 16:10:29,amc,,sec_8k_2.02
AAPL,2024-02-01 16:30:30,amc,,sec_8k_2.02
CVX,2024-02-02 06:17:17,bmo,,sec_8k_2.02
KO,2024-02-13 06:57:58,bmo,,sec_8k_2.02
CSCO,2024-02-14 16:11:04,amc,,sec_8k_2.02
HD,2024-02-20 06:15:16,bmo,,sec_8k_2.02
WMT,2024-02-20 06:59:55,bmo,,sec_8k_2.02
NVDA,2024-02-21 16:22:09,amc,,sec_8k_2.02
ORCL,2024-03-11 16:11:59,amc,,sec_8k_2.02
JPM,2024-04-12 06:45:53,bmo,,sec_8k_2.02
GS,2024-04-15 07:32:59,bmo,,sec_8k_2.02
BAC,2024-04-16 06:45:39,bmo,,sec_8k_2.02
JNJ,2024-04-16 07:06:41,bmo,,sec_8k_2.02
PG,2024-04-19 06:59:33,bmo,,sec_8k_2.02
META,2024-04-24 16:07:26,amc,,sec_8k_2.02
INTC,2024-04-25 12:09:45,intraday,,sec_8k_2.02
GOOGL,2024-04-25 16:01:35,amc,,sec_8k_2.02
MSFT,2024-04-25 16:03:19,amc,,sec_8k_2.02
CVX,2024-04-26 06:15:56,bmo,,sec_8k_2.02
KO,2024-04-30 06:58:54,bmo,,sec_8k_2.02
AMZN,2024-04-30 16:10:34,amc,,sec_8k_2.02
JNJ,2024-05-01 07:00:25,bmo,,sec_8k_2.02
PFE,2024-05-01 08:11:26,bmo,,sec_8k_2.02
AAPL,2024-05-02 16:30:34,amc,,sec_8k_2.02
HD,2024-05-14 06:23:30,bmo,,sec_8k_2.02
CSCO,2024-05-15 16:09:01,amc,,sec_8k_2.02
WMT,2024-05-16 06:59:59,bmo,,sec_8k_2.02
NVDA,2024-05-22 16:21:29,amc,,sec_8k_2.02
ORCL,2024-06-11 16:15:50,amc,,sec_8k_2.02
JPM,2024-07-12 06:46:30,bmo,,sec_8k_2.02
GS,2024-07-15 07:38:09,bmo,,sec_8k_2.02
BAC,2024-07-16 06:45:46,bmo,,sec_8k_2.02
JNJ,2024-07-17 08:14:26,bmo,,sec_8k_2.02
KO,2024-07-23 06:58:02,bmo,,sec_8k_2.02
GOOGL,2024-07-23 16:01:54,amc,,sec_8k_2.02
PG,2024-07-30 07:01:57,bmo,,sec_8k_2.02
PFE,2024-07-30 08:04:27,bmo,,sec_8k_2.02
MSFT,2024-07-30 16:03:22,amc,,sec_8k_2.02
META,2024-07-31 16:11:20,amc,,sec_8k_2.02
INTC,2024-08-01 12:08:44,intraday,,sec_8k_2.02
AMZN,2024-08-01 16:06:02,amc,,sec_8k_2.02
AAPL,2024-08-01 16:30:26,amc,,sec_8k_2.02
CVX,2024-08-02 06:16:14,bmo,,sec_8k_2.02
HD,2024-08-13 06:07:00,bmo,,sec_8k_2.02
CSCO,2024-08-14 16:16:02,amc,,sec_8k_2.02
WMT,2024-08-15 06:59:32,bmo,,sec_8k_2.02
NVDA,2024-08-28 16:21:16,amc,,sec_8k_2.02
ORCL,2024-09-09 16:17:34,amc,,sec_8k_2.02
JPM,2024-10-11 06:46:16,bmo,,sec_8k_2.02
BAC,2024-10-15 06:46:39,bmo,,sec_8k_2.02
GS,2024-10-15 07:32:34,bmo,,sec_8k_2.02
JNJ,2024-10-15 07:37:20,bmo,,sec_8k_2.02
PG,2024-10-18 07:02:32,bmo,,sec_8k_2.02
KO,2024-10-23 07:00:47,bmo,,sec_8k_2.02
PFE,2024-10-29 08:06:28,bmo,,sec_8k_2.02
GOOGL,2024-10-29 16:01:46,amc,,sec_8k_2.02
MSFT,2024-10-30 16:04:07,amc,,sec_8k_2.02
META,2024-10-30 16:08:12,amc,,sec_8k_2.02
INTC,2024-10-31 12:07:17,intraday,,sec_8k_2.02
AMZN,2024-10-31 16:13:57,amc,,sec_8k_2.02
AAPL,2024-10-31 16:30:25,amc,,sec_8k_2.02
CVX,2024-11-01 06:16:39,bmo,,sec_8k_2.02
HD,2024-11-12 06:10:23,bmo,,sec_8k_2.02
CSCO,2024-11-13 16:14:31,amc,,sec_8k_2.02
WMT,2024-11-19 06:59:42,bmo,,sec_8k_2.02
NVDA,2024-11-20 16:21:20,amc,,sec_8k_2.02
ORCL,2024-12-09 16:13:45,amc,,sec_8k_2.02
